Flight No.,Launch site,Payload,Payload mass,Orbit,Customer,Launch outcome,Version Booster,Booster landing,Date,Time
1,CCAFS,0,0,LEO,SpaceX,"Success
",F9 v1.0B0003.1,Failure,4 June 2010,18:45
2,CCAFS,0,0,LEO,NASA,Success,F9 v1.0B0004.1,Failure,8 December 2010,15:43
3,CCAFS,0,525 kg,LEO,NASA,Success,F9 v1.0B0005.1,"No attempt
",22 May 2012,07:44
4,CCAFS,0,"4,700 kg",LEO,NASA,"Success
",F9 v1.0B0006.1,No attempt,8 October 2012,00:35
5,CCAFS,0,"4,877 kg",LEO,NASA,"Success
",F9 v1.0B0007.1,"No attempt
",1 March 2013,15:10
6,CCAFS,0,500 kg,Polar orbit,MDA,Success,F9 v1.1B1003,Uncontrolled,29 September 2013,16:00
7,CCAFS,0,"3,170 kg",GTO,SES,Success,F9 v1.1,No attempt,3 December 2013,22:41
8,CCAFS,0,"3,325 kg",GTO,Thaicom,Success,F9 v1.1,No attempt,6 January 2014,22:06
9,CCAFS,0,"2,296 kg",LEO,NASA,"Success
",F9 v1.1,Controlled,18 April 2014,19:25
10,CCAFS,0,"1,316 kg",LEO,Orbcomm,Success,F9 v1.1,Controlled,14 July 2014,15:15
11,VAFB,0,"4,535 kg",GTO,AsiaSat,Success,F9 v1.1,No attempt,5 August 2014,08:00
12,VAFB,0,"4,428 kg",GTO,AsiaSat,Success,F9 v1.1,"No attempt
",7 September 2014,05:00
13,CCAFS,0,"2,216 kg",LEO,NASA,Success,F9 v1.1,Uncontrolled,21 September 2014,05:52
14,CCAFS,0,"2,395 kg",LEO,NASA,Success,F9 v1.1,Failure ,10 January 2015,09:47
15,CCAFS,0,570 kg,HEO,USAF,"Success
",F9 v1.1,Controlled,11 February 2015,23:03
16,CCAFS,0,"4,159 kg",GTO,ABS,"Success
",F9 v1.1,No attempt,2 March 2015,03:50
17,Cape Canaveral,0,"1,898 kg",LEO,NASA,"Success
",F9 v1.1,Failure,14 April 2015,20:10
18,Cape Canaveral,0,"4,707 kg",GTO,,"Success
",F9 v1.1,No attempt,27 April 2015,23:03
19,Cape Canaveral,0,"1,952 kg",LEO,NASA,Failure,F9 v1.1,Precluded,28 June 2015,14:21
20,Cape Canaveral,0,"2,034 kg",LEO,Orbcomm,"Success
",F9 FT,Success,22 December 2015,01:29
21,Cape Canaveral,0,553 kg,LEO,NASA,"Success
",F9 v1.1,Failure,17 January 2016,18:42
22,Cape Canaveral,0,"5,271 kg",GTO,SES,"Success
",F9 FT,Failure,4 March 2016,23:35
23,Cape Canaveral,0,"3,136 kg",LEO,NASA,Success,F9 FT,Success,8 April 2016,20:43
24,Cape Canaveral,0,"4,696 kg",GTO,SKY Perfect JSAT Group,"Success
",F9 FT,Success,6 May 2016,05:21
25,Cape Canaveral,0,"3,100 kg",GTO,Thaicom,"Success
",F9 FT,Success,27 May 2016,21:39
26,Cape Canaveral,0,"3,600 kg",GTO,ABS,"Success
",F9 FT,Failure,15 June 2016,14:29
27,Cape Canaveral,0,"2,257 kg",LEO,NASA,"Success
",F9 FT,Success,18 July 2016,04:45
28,Cape Canaveral,0,"4,600 kg",GTO,SKY Perfect JSAT Group,"Success
",F9 FT,Success,14 August 2016,05:26
29,Cape Canaveral,0,"9,600 kg",Polar,Iridium Communications,"Success
",F9 FT,Success,14 January 2017,17:54
30,Cape Canaveral,0,"2,490 kg",LEO,NASA,"Success
",F9 FT,Success,19 February 2017,14:39
31,Cape Canaveral,0,"5,600 kg",GTO,EchoStar,"Success
",F9 FT,No attempt,16 March 2017,06:00
32,Cape Canaveral,0,"5,300 kg",GTO,SES,Success,F9 FT♺,Success,30 March 2017,22:27
33,Cape Canaveral,0,C,LEO,NRO,"Success
",F9 FT,Success,1 May 2017,11:15
34,Cape Canaveral,0,"6,070 kg",GTO,Inmarsat,"Success
",F9 FT,No attempt,15 May 2017,23:21
35,Cape Canaveral,0,"2,708 kg",LEO,NASA,"Success
",F9 FT,Success,3 June 2017,21:07
36,Cape Canaveral,0,"3,669 kg",GTO,Bulsatcom,"Success
",F9 FTB1029.2,Success,23 June 2017,19:10
37,Cape Canaveral,0,"9,600 kg",LEO,Iridium Communications,"Success
",F9 FT,Success,25 June 2017,20:25
38,Cape Canaveral,0,"6,761 kg",GTO,Intelsat,"Success
",F9 FT,No attempt,5 July 2017,23:38
39,Cape Canaveral,0,"3,310 kg",LEO,NASA,"Success
",F9 B4,Success,14 August 2017,16:31
40,Cape Canaveral,0,475 kg,SSO,NSPO,"Success
",F9 FT,Success,24 August 2017,18:51
41,VAFB,0,"4,990 kg",LEO,USAF,"Success
",F9 B4,Success,7 September 2017,14:00
42,VAFB,0,"9,600 kg",Polar,Iridium Communications,"Success
",F9 B4,Success,9 October 2017,12:37
43,Cape Canaveral,0,"5,200 kg",GTO,SES S.A.,"Success
",F9 FTB1031.2,Success,11 October 2017,22:53:00
44,Cape Canaveral,0,"3,500 kg",GTO,KT Corporation,"Success
",F9 B4,Success,30 October 2017,19:34
45,Cape Canaveral,0,"2,205 kg",LEO,NASA,"Success
",F9 FTB1035.2,Success,15 December 2017,15:36
46,Cape Canaveral,0,"9,600 kg",Polar,Iridium Communications,Success,F9 FTB1036.2,Controlled,23 December 2017,01:27
47,Cape Canaveral,0,C,LEO,Northrop Grumman,Success,F9 B4,Success,8 January 2018,01:00
48,Cape Canaveral,0,"4,230 kg",GTO,SES,Success,F9 FTB1032.2,Controlled,31 January 2018,21:25
49,Cape Canaveral,0,"2,150 kg",SSO,Hisdesat,Success,F9 FTB1038.2,No attempt,22 February 2018,14:17
50,Cape Canaveral,0,"6,092 kg",GTO,Hispasat,Success,F9 B4,No attempt,6 March 2018,05:33
51,Cape Canaveral,0,"9,600 kg",Polar,Iridium Communications,Success,F9 B4B1041.2,No attempt,30 March 2018,14:14
52,Cape Canaveral,0,"2,647 kg",LEO,NASA,Success,F9 B4B1039.2,No attempt,2 April 2018,20:30
53,Cape Canaveral,0,362 kg,HEO,NASA,Success,F9 B4,Success,18 April 2018,22:51
54,Cape Canaveral,0,"3,600 kg",GTO,Thales-Alenia,Success,F9 B5B1046.1,Success,11 May 2018,20:14
55,Cape Canaveral,0,"6,460 kg",Polar,Iridium Communications,Success,F9 B4B1043.2,No attempt,22 May 2018,19:47
56,Cape Canaveral,0,"5,384 kg",GTO,SES,Success,F9 B4B1040.2,No attempt,4 June 2018,04:45
57,VAFB,0,"2,697 kg",LEO,NASA,Success,F9 B4B1045.2,No attempt,29 June 2018,09:42
58,VAFB,0,"7,075 kg",GTO,Telesat,Success,F9 B5,Success,22 July 2018,05:50
59,KSC,0,"9,600 kg",Polar,Iridium Communications,Success,F9 B5B1048,Success,25 July 2018,11:39
60,KSC,0,"5,800 kg",GTO,Telkom Indonesia,Success,F9 B5B1046.2,Success,7 August 2018,05:18
61,KSC,0,"7,060 kg",GTO,Telesat,Success,F9 B5,Success,10 September 2018,04:45
62,KSC,0,"3,000 kg",SSO,CONAE,Success,F9 B5B1048.2,Success,8 October 2018,02:22
63,KSC,0,"5,300 kg",GTO,Es'hailSat,Success,F9 B5B1047.2,Success,15 November 2018,20:46
64,KSC,0,"~4,000 kg",SSO,Spaceflight Industries,Success,F9 B5B1046.3,Success,3 December 2018,18:34:05
65,KSC,0,"2,500 kg",LEO,NASA,"Success
",F9 B5,Failure,5 December 2018,18:16
66,KSC,0,"4,400 kg",MEO,USAF,Success,F9 B5,No attempt,23 December 2018,13:51
67,KSC,0,"9,600 kg",Polar,Iridium Communications,"Success
",F9 B5B1049.2,Success,11 January 2019,15:31
68,KSC,0,"4,850 kg",GTO,PSN,"Success
",F9 B5B1048.3,Success,22 February 2019,01:45
69,KSC,0,"12,055 kg",LEO,NASA,"Success
",F9 B5[268],Success,2 March 2019,07:49
70,KSC,0,"2,495 kg",LEO,NASA,"Success
",F9 B5,Success,4 May 2019,06:48
71,KSC,0,"13,620 kg",LEO,SpaceX,"Success
",F9 B5B1049.3,Success,24 May 2019,02:30
72,KSC,0,"4,200 kg",SSO,Canadian Space Agency,"Success
",F9 B5B1051.2,Success,12 June 2019,14:17
73,VAFB,0,"2,268 kg",LEO,NASA,"Success
",F9 B5B1056.2,Success,25 July 2019,22:01
74,VAFB,0,"6,500 kg",GTO,Spacecom,"Success
",F9 B5B1047.3,No attempt,6 August 2019,23:23
75,KSC,0,"15,600 kg",LEO,SpaceX,"Success
",F9 B5,Success,11 November 2019,14:56
76,KSC,0,"2,617 kg",LEO,NASA,"Success
",F9 B5,Success,5 December 2019,17:29
77,KSC,0,"6,956 kg",GTO,Sky Perfect JSAT,"Success
",F9 B5B1056.3,Success,17 December 2019,00:10
78,KSC,0,"15,600 kg",LEO,SpaceX,"Success
",F9 B5,Success,7 January 2020,02:19:21
79,VAFB,0,"12,050 kg",Sub-orbital,NASA,"Success
",F9 B5,"No attempt
",19 January 2020,15:30
80,VAFB,0,"15,600 kg",LEO,SpaceX,"Success
",F9 B5,Success,29 January 2020,14:07
81,KSC,0,"15,600 kg",LEO,SpaceX,"Success
",F9 B5,Failure,17 February 2020,15:05
82,KSC,0,"1,977 kg",LEO,NASA,"Success
",F9 B5,Success,7 March 2020,04:50
83,VAFB,0,"15,600 kg",LEO,SpaceX,"Success
",F9 B5,Failure,18 March 2020,12:16
84,VAFB,0,"15,600 kg",LEO,SpaceX,"Success
",F9 B5,Success,22 April 2020,19:30
85,KSC,0,"12,530 kg",LEO,NASA,"Success
",F9 B5,Success,30 May 2020,19:22
86,KSC,0,"15,600 kg",LEO,SpaceX,"Success
",F9 B5,Success,4 June 2020,01:25
87,KSC,0,"15,410 kg",LEO,SpaceX,"Success
",F9 B5,Success,13 June 2020,09:21
88,KSC,0,"4,311 kg",MEO,U.S. Space Force,"Success
",F9 B5,Success,30 June 2020,20:10:46
89,Cape Canaveral,0,"5,000–6,000 kg",GTO,Republic of Korea Army,"Success
",F9 B5B1058.2,Success,20 July 2020,21:30
90,Cape Canaveral,0,"14,932 kg",LEO,SpaceX,"Success
",F9 B5,Success,7 August 2020,05:12
91,VAFB,0,"~15,440 kg",LEO,SpaceX,"Success
",F9 B5B1049.6,Success,18 August 2020,14:31
92,VAFB,0,"3,130 kg",SSO,CONAE,"Success
",F9 B5,Success,30 August 2020,23:18
93,CCAFS,0,"15,600 kg",LEO,SpaceX,"Success
",F9 B5B1060.2,Success,3 September 2020,12:46:14
94,CCAFS,0,"15,600 kg",LEO,SpaceX,"Success
",F9 B5B1058.3,Success,6 October 2020,11:29:34
95,CCAFS,0,"15,600 kg",LEO,SpaceX,"Success
",F9 B5B1051.6,Success,18 October 2020,12:25:57
96,CCAFS,0,"15,600 kg",LEO,SpaceX,"Success
",F9 B5,Success,24 October 2020,15:31:34
97,VAFB,0,"4,311 kg",MEO,USSF,"Success
",F9 B5,Success,5 November 2020,23:24:23
98,VAFB,0,"~12,500 kg",LEO,NASA,"Success
",F9 B5,Success,16 November 2020,00:27
99,CCAFS,0,"1,192 kg",LEO,NASA,"Success
",F9 B5,Success,21 November 2020,17:17:08
100,CCAFS,0,"15,600 kg",LEO,SpaceX,"Success
",F9 B5 ♺,Success,25 November 2020,02:13
101,VAFB,0,"2,972 kg",LEO,NASA,"Success
",F9 B5 ♺,Success,6 December 2020,16:17:08
102,VAFB,0,"7,000 kg",GTO,Sirius XM,"Success
",F9 B5 ♺,Success,13 December 2020,17:30:00
103,CCAFS,0,C,LEO,NRO,"Success
",F9 B5 ♺,Success,19 December 2020,14:00:00
104,CCAFS,0,"3,500 kg",GTO,Türksat,"Success
",F9 B5,Success,8 January 2021,02:15
105,CCAFS,0,"15,600 kg",LEO,SpaceX,"Success
",F9 B5B1051.8,Success,20 January 2021,13:02
106,CCAFS,0,"~5,000 kg",SSO,none,"Success
",F9 B5B1058.5,Success,24 January 2021,15:00
107,KSC,0,"15,600 kg",LEO,SpaceX,"Success
",F9 B5 ♺,Success,4 February 2021,06:19
108,KSC,0,"15,600 kg",LEO,SpaceX,"Success
",F9 B5 ♺,Failure,16 February 2021,03:59:37
109,VAFB,0,"15,600 kg",LEO,SpaceX,"Success
",F9 B5 ♺,Success,4 March 2021,08:24
110,VAFB,0,"15,600 kg",LEO,SpaceX,"Success
",F9 B5 ♺,Success,11 March 2021,08:13:29
111,CCAFS,0,"15,600 kg",LEO,SpaceX,"Success
",F9 B5 ♺,Success,14 March 2021,10:01
112,CCAFS,0,"15,600 kg",LEO,SpaceX,"Success
",F9 B5B1060.6,Success,24 March 2021,08:28
113,CCAFS,0,"15,600 kg",LEO,SpaceX,"Success
",F9 B5 ♺,Success,7 April 2021,16:34
114,CCAFS,0,"~13,000 kg",LEO,NASA,"Success
",F9 B5B1061.2,Success,23 April 2021,9:49
115,CCAFS,0,"15,600 kg",LEO,SpaceX,"Success
",F9 B5B1060.7,Success,29 April 2021,03:44
116,CCAFS,0,"15,600 kg",LEO,SpaceX,"Success
",F9 B5B1049.9,Success,4 May 2021,19:01
117,VAFB,0,"15,600 kg",LEO,SpaceX,"Success
",F9 B5B1051.10,Success,9 May 2021,06:42
118,VAFB,0,"~14,000 kg",LEO,SpaceX,"Success
",F9 B5B1058.8,Success,15 May 2021,22:56
119,CCAFS,0,"15,600 kg",LEO,SpaceX,"Success
",F9 B5B1063.2,Success,26 May 2021,18:59
120,CCAFS,0,"3,328 kg",LEO,NASA,"Success
",F9 B5B1067.1,Success,3 June 2021,17:29
121,CCAFS,0,"7,000 kg",GTO,Sirius XM,"Success
",F9 B5,Success,6 June 2021,04:26
1,CCAFS,0,0,LEO,SpaceX,"Success
",F9 v1.0B0003.1,Failure,4 June 2010,18:45
2,VAFB,0,0,LEO,NASA,Success,F9 v1.0B0004.1,Failure,8 December 2010,15:43
3,VAFB,0,525 kg,LEO,NASA,Success,F9 v1.0B0005.1,"No attempt
",22 May 2012,07:44
4,KSC,0,"4,700 kg",LEO,NASA,"Success
",F9 v1.0B0006.1,No attempt,8 October 2012,00:35
5,KSC,0,"4,877 kg",LEO,NASA,"Success
",F9 v1.0B0007.1,"No attempt
",1 March 2013,15:10
6,VAFB,0,500 kg,Polar orbit,MDA,Success,F9 v1.1B1003,Uncontrolled,29 September 2013,16:00
7,VAFB,0,"3,170 kg",GTO,SES,Success,F9 v1.1,No attempt,3 December 2013,22:41
8,CCAFS,0,"3,325 kg",GTO,Thaicom,Success,F9 v1.1,No attempt,6 January 2014,22:06
9,CCAFS,0,"2,296 kg",LEO,NASA,"Success
",F9 v1.1,Controlled,18 April 2014,19:25
10,CCAFS,0,"1,316 kg",LEO,Orbcomm,Success,F9 v1.1,Controlled,14 July 2014,15:15
11,CCAFS,0,"4,535 kg",GTO,AsiaSat,Success,F9 v1.1,No attempt,5 August 2014,08:00
12,VAFB,0,"4,428 kg",GTO,AsiaSat,Success,F9 v1.1,"No attempt
",7 September 2014,05:00
13,VAFB,0,"2,216 kg",LEO,NASA,Success,F9 v1.1,Uncontrolled,21 September 2014,05:52
14,CCAFS,0,"2,395 kg",LEO,NASA,Success,F9 v1.1,Failure ,10 January 2015,09:47
15,CCAFS,0,570 kg,HEO,USAF,"Success
",F9 v1.1,Controlled,11 February 2015,23:03
16,KSC,0,"4,159 kg",GTO,ABS,"Success
",F9 v1.1,No attempt,2 March 2015,03:50
17,KSC,0,"1,898 kg",LEO,NASA,"Success
",F9 v1.1,Failure,14 April 2015,20:10
18,CCAFS,0,"4,707 kg",GTO,,"Success
",F9 v1.1,No attempt,27 April 2015,23:03
19,CCAFS,0,"1,952 kg",LEO,NASA,Failure,F9 v1.1,Precluded,28 June 2015,14:21
20,CCAFS,0,"2,034 kg",LEO,Orbcomm,"Success
",F9 FT,Success,22 December 2015,01:29
21,CCAFS,0,553 kg,LEO,NASA,"Success
",F9 v1.1,Failure,17 January 2016,18:42
22,VAFB,0,"5,271 kg",GTO,SES,"Success
",F9 FT,Failure,4 March 2016,23:35
23,VAFB,0,"3,136 kg",LEO,NASA,Success,F9 FT,Success,8 April 2016,20:43
24,CCAFS,0,"4,696 kg",GTO,SKY Perfect JSAT Group,"Success
",F9 FT,Success,6 May 2016,05:21
25,CCAFS,0,"3,100 kg",GTO,Thaicom,"Success
",F9 FT,Success,27 May 2016,21:39
26,CCAFS,0,"3,600 kg",GTO,ABS,"Success
",F9 FT,Failure,15 June 2016,14:29
27,CCAFS,0,"2,257 kg",LEO,NASA,"Success
",F9 FT,Success,18 July 2016,04:45
28,CCAFS,0,"4,600 kg",GTO,SKY Perfect JSAT Group,"Success
",F9 FT,Success,14 August 2016,05:26
29,CCAFS,0,"9,600 kg",Polar,Iridium Communications,"Success
",F9 FT,Success,14 January 2017,17:54
30,CCAFS,0,"2,490 kg",LEO,NASA,"Success
",F9 FT,Success,19 February 2017,14:39
31,CCAFS,0,"5,600 kg",GTO,EchoStar,"Success
",F9 FT,No attempt,16 March 2017,06:00
32,CCAFS,0,"5,300 kg",GTO,SES,Success,F9 FT♺,Success,30 March 2017,22:27
33,CCAFS,0,C,LEO,NRO,"Success
",F9 FT,Success,1 May 2017,11:15
34,CCAFS,0,"6,070 kg",GTO,Inmarsat,"Success
",F9 FT,No attempt,15 May 2017,23:21
35,CCAFS,0,"2,708 kg",LEO,NASA,"Success
",F9 FT,Success,3 June 2017,21:07
36,KSC,0,"3,669 kg",GTO,Bulsatcom,"Success
",F9 FTB1029.2,Success,23 June 2017,19:10
37,KSC,0,"9,600 kg",LEO,Iridium Communications,"Success
",F9 FT,Success,25 June 2017,20:25
38,CCAFS,0,"6,761 kg",GTO,Intelsat,"Success
",F9 FT,No attempt,5 July 2017,23:38
39,CCAFS,0,"3,310 kg",LEO,NASA,"Success
",F9 B4,Success,14 August 2017,16:31
40,CCAFS,0,475 kg,SSO,NSPO,"Success
",F9 FT,Success,24 August 2017,18:51
41,CCAFS,0,"4,990 kg",LEO,USAF,"Success
",F9 B4,Success,7 September 2017,14:00
42,CCAFS,0,"9,600 kg",Polar,Iridium Communications,"Success
",F9 B4,Success,9 October 2017,12:37
43,CCAFS,0,"5,200 kg",GTO,SES S.A.,"Success
",F9 FTB1031.2,Success,11 October 2017,22:53:00
44,KSC,0,"3,500 kg",GTO,KT Corporation,"Success
",F9 B4,Success,30 October 2017,19:34
45,KSC,0,"2,205 kg",LEO,NASA,"Success
",F9 FTB1035.2,Success,15 December 2017,15:36
46,KSC,0,"9,600 kg",Polar,Iridium Communications,Success,F9 FTB1036.2,Controlled,23 December 2017,01:27
47,KSC,0,C,LEO,Northrop Grumman,Success,F9 B4,Success,8 January 2018,01:00
48,KSC,0,"4,230 kg",GTO,SES,Success,F9 FTB1032.2,Controlled,31 January 2018,21:25
49,KSC,0,"2,150 kg",SSO,Hisdesat,Success,F9 FTB1038.2,No attempt,22 February 2018,14:17
50,CCAFS,0,"6,092 kg",GTO,Hispasat,Success,F9 B4,No attempt,6 March 2018,05:33
51,CCAFS,0,"9,600 kg",Polar,Iridium Communications,Success,F9 B4B1041.2,No attempt,30 March 2018,14:14
52,CCAFS,0,"2,647 kg",LEO,NASA,Success,F9 B4B1039.2,No attempt,2 April 2018,20:30
53,CCAFS,0,362 kg,HEO,NASA,Success,F9 B4,Success,18 April 2018,22:51
54,CCAFS,0,"3,600 kg",GTO,Thales-Alenia,Success,F9 B5B1046.1,Success,11 May 2018,20:14
55,CCAFS,0,"6,460 kg",Polar,Iridium Communications,Success,F9 B4B1043.2,No attempt,22 May 2018,19:47
56,CCAFS,0,"5,384 kg",GTO,SES,Success,F9 B4B1040.2,No attempt,4 June 2018,04:45
57,CCAFS,0,"2,697 kg",LEO,NASA,Success,F9 B4B1045.2,No attempt,29 June 2018,09:42
58,KSC,0,"7,075 kg",GTO,Telesat,Success,F9 B5,Success,22 July 2018,05:50
59,KSC,0,"9,600 kg",Polar,Iridium Communications,Success,F9 B5B1048,Success,25 July 2018,11:39
60,CCAFS,0,"5,800 kg",GTO,Telkom Indonesia,Success,F9 B5B1046.2,Success,7 August 2018,05:18
61,CCAFS,0,"7,060 kg",GTO,Telesat,Success,F9 B5,Success,10 September 2018,04:45
62,CCAFS,0,"3,000 kg",SSO,CONAE,Success,F9 B5B1048.2,Success,8 October 2018,02:22
63,CCAFS,0,"5,300 kg",GTO,Es'hailSat,Success,F9 B5B1047.2,Success,15 November 2018,20:46
64,KSC,0,"~4,000 kg",SSO,Spaceflight Industries,Success,F9 B5B1046.3,Success,3 December 2018,18:34:05
65,KSC,0,"2,500 kg",LEO,NASA,"Success
",F9 B5,Failure,5 December 2018,18:16
66,KSC,0,"4,400 kg",MEO,USAF,Success,F9 B5,No attempt,23 December 2018,13:51
67,KSC,0,"9,600 kg",Polar,Iridium Communications,"Success
",F9 B5B1049.2,Success,11 January 2019,15:31
68,KSC,0,"4,850 kg",GTO,PSN,"Success
",F9 B5B1048.3,Success,22 February 2019,01:45
69,KSC,0,"12,055 kg",LEO,NASA,"Success
",F9 B5[268],Success,2 March 2019,07:49
70,CCAFS,0,"2,495 kg",LEO,NASA,"Success
",F9 B5,Success,4 May 2019,06:48
71,CCAFS,0,"13,620 kg",LEO,SpaceX,"Success
",F9 B5B1049.3,Success,24 May 2019,02:30
72,CCAFS,0,"4,200 kg",SSO,Canadian Space Agency,"Success
",F9 B5B1051.2,Success,12 June 2019,14:17
73,CCAFS,0,"2,268 kg",LEO,NASA,"Success
",F9 B5B1056.2,Success,25 July 2019,22:01
74,KSC,0,"6,500 kg",GTO,Spacecom,"Success
",F9 B5B1047.3,No attempt,6 August 2019,23:23
75,KSC,0,"15,600 kg",LEO,SpaceX,"Success
",F9 B5,Success,11 November 2019,14:56
76,VAFB,0,"2,617 kg",LEO,NASA,"Success
",F9 B5,Success,5 December 2019,17:29
77,VAFB,0,"6,956 kg",GTO,Sky Perfect JSAT,"Success
",F9 B5B1056.3,Success,17 December 2019,00:10
78,CCAFS,0,"15,600 kg",LEO,SpaceX,"Success
",F9 B5,Success,7 January 2020,02:19:21
79,CCAFS,0,"12,050 kg",Sub-orbital,NASA,"Success
",F9 B5,"No attempt
",19 January 2020,15:30
80,KSC,0,"15,600 kg",LEO,SpaceX,"Success
",F9 B5,Success,29 January 2020,14:07
81,KSC,0,"15,600 kg",LEO,SpaceX,"Success
",F9 B5,Failure,17 February 2020,15:05
82,CCSFS,0,"1,977 kg",LEO,NASA,"Success
",F9 B5,Success,7 March 2020,04:50
83,CCSFS,0,"15,600 kg",LEO,SpaceX,"Success
",F9 B5,Failure,18 March 2020,12:16
84,KSC,0,"15,600 kg",LEO,SpaceX,"Success
",F9 B5,Success,22 April 2020,19:30
85,KSC,0,"12,530 kg",LEO,NASA,"Success
",F9 B5,Success,30 May 2020,19:22
86,CCSFS,0,"15,600 kg",LEO,SpaceX,"Success
",F9 B5,Success,4 June 2020,01:25
87,CCSFS,0,"15,410 kg",LEO,SpaceX,"Success
",F9 B5,Success,13 June 2020,09:21
88,KSC,0,"4,311 kg",MEO,U.S. Space Force,"Success
",F9 B5,Success,30 June 2020,20:10:46
89,KSC,0,"5,000–6,000 kg",GTO,Republic of Korea Army,"Success
",F9 B5B1058.2,Success,20 July 2020,21:30
90,CCSFS,0,"14,932 kg",LEO,SpaceX,"Success
",F9 B5,Success,7 August 2020,05:12
91,CCSFS,0,"~15,440 kg",LEO,SpaceX,"Success
",F9 B5B1049.6,Success,18 August 2020,14:31
92,CCSFS,0,"3,130 kg",SSO,CONAE,"Success
",F9 B5,Success,30 August 2020,23:18
93,CCSFS,0,"15,600 kg",LEO,SpaceX,"Success
",F9 B5B1060.2,Success,3 September 2020,12:46:14
94,CCSFS,0,"15,600 kg",LEO,SpaceX,"Success
",F9 B5B1058.3,Success,6 October 2020,11:29:34
95,CCSFS,0,"15,600 kg",LEO,SpaceX,"Success
",F9 B5B1051.6,Success,18 October 2020,12:25:57
96,KSC,0,"15,600 kg",LEO,SpaceX,"Success
",F9 B5,Success,24 October 2020,15:31:34
97,KSC,0,"4,311 kg",MEO,USSF,"Success
",F9 B5,Success,5 November 2020,23:24:23
98,CCSFS,0,"~12,500 kg",LEO,NASA,"Success
",F9 B5,Success,16 November 2020,00:27
99,CCSFS,0,"1,192 kg",LEO,NASA,"Success
",F9 B5,Success,21 November 2020,17:17:08
100,KSC,0,"15,600 kg",LEO,SpaceX,"Success
",F9 B5 ♺,Success,25 November 2020,02:13
101,KSC,0,"2,972 kg",LEO,NASA,"Success
",F9 B5 ♺,Success,6 December 2020,16:17:08
102,CCSFS,0,"7,000 kg",GTO,Sirius XM,"Success
",F9 B5 ♺,Success,13 December 2020,17:30:00
103,CCSFS,0,C,LEO,NRO,"Success
",F9 B5 ♺,Success,19 December 2020,14:00:00
104,CCSFS,0,"3,500 kg",GTO,Türksat,"Success
",F9 B5,Success,8 January 2021,02:15
105,CCSFS,0,"15,600 kg",LEO,SpaceX,"Success
",F9 B5B1051.8,Success,20 January 2021,13:02
106,KSC,0,"~5,000 kg",SSO,"Various
","Success
",F9 B5B1058.5,Success,24 January 2021,15:00
107,KSC,0,"15,600 kg",LEO,SpaceX,"Success
",F9 B5 ♺,Success,4 February 2021,06:19
108,CCSFS,0,"15,600 kg",LEO,SpaceX,"Success
",F9 B5 ♺,Failure,16 February 2021,03:59:37
109,CCSFS,0,"15,600 kg",LEO,SpaceX,"Success
",F9 B5 ♺,Success,4 March 2021,08:24
110,KSC,0,"15,600 kg",LEO,SpaceX,"Success
",F9 B5 ♺,Success,11 March 2021,08:13:29
111,KSC,0,"15,600 kg",LEO,SpaceX,"Success
",F9 B5 ♺,Success,14 March 2021,10:01
112,CCSFS,0,"15,600 kg",LEO,SpaceX,"Success
",F9 B5B1060.6,Success,24 March 2021,08:28
113,CCSFS,0,"15,600 kg",LEO,SpaceX,"Success
",F9 B5 ♺,Success,7 April 2021,16:34
114,KSC,0,"~13,000 kg",LEO,NASA,"Success
",F9 B5B1061.2,Success,23 April 2021,9:49
115,KSC,0,"15,600 kg",LEO,SpaceX,"Success
",F9 B5B1060.7,Success,29 April 2021,03:44
116,CCSFS,0,"15,600 kg",LEO,SpaceX,"Success
",F9 B5B1049.9,Success,4 May 2021,19:01
117,CCSFS,0,"15,600 kg",LEO,SpaceX,"Success
",F9 B5B1051.10,Success,9 May 2021,06:42
118,KSC,0,"~14,000 kg",LEO,SpaceX,"Success
",F9 B5B1058.8,Success,15 May 2021,22:56
119,KSC,0,"15,600 kg",LEO,SpaceX,"Success
",F9 B5B1063.2,Success,26 May 2021,18:59
120,CCSFS,0,"3,328 kg",LEO,NASA,"Success
",F9 B5B1067.1,Success,3 June 2021,17:29
121,CCSFS,0,"7,000 kg",GTO,Sirius XM,"Success
",F9 B5,Success,6 June 2021,04:26
1,CCAFS,0,0,LEO,SpaceX,"Success
",F9 v1.0B0003.1,Failure,4 June 2010,18:45
2,CCAFS,0,0,LEO,NASA,Success,F9 v1.0B0004.1,Failure,8 December 2010,15:43
3,CCAFS,0,525 kg,LEO,NASA,Success,F9 v1.0B0005.1,"No attempt
",22 May 2012,07:44
4,CCAFS,0,"4,700 kg",LEO,NASA,"Success
",F9 v1.0B0006.1,No attempt,8 October 2012,00:35
5,CCAFS,0,"4,877 kg",LEO,NASA,"Success
",F9 v1.0B0007.1,"No attempt
",1 March 2013,15:10
6,CCAFS,0,500 kg,Polar orbit,MDA,Success,F9 v1.1B1003,Uncontrolled,29 September 2013,16:00
7,CCAFS,0,"3,170 kg",GTO,SES,Success,F9 v1.1,No attempt,3 December 2013,22:41
8,CCAFS,0,"3,325 kg",GTO,Thaicom,Success,F9 v1.1,No attempt,6 January 2014,22:06
9,CCAFS,0,"2,296 kg",LEO,NASA,"Success
",F9 v1.1,Controlled,18 April 2014,19:25
10,CCAFS,0,"1,316 kg",LEO,Orbcomm,Success,F9 v1.1,Controlled,14 July 2014,15:15
11,VAFB,0,"4,535 kg",GTO,AsiaSat,Success,F9 v1.1,No attempt,5 August 2014,08:00
12,VAFB,0,"4,428 kg",GTO,AsiaSat,Success,F9 v1.1,"No attempt
",7 September 2014,05:00
13,CCAFS,0,"2,216 kg",LEO,NASA,Success,F9 v1.1,Uncontrolled,21 September 2014,05:52
14,CCAFS,0,"2,395 kg",LEO,NASA,Success,F9 v1.1,Failure ,10 January 2015,09:47
15,CCAFS,0,570 kg,HEO,USAF,"Success
",F9 v1.1,Controlled,11 February 2015,23:03
16,CCAFS,0,"4,159 kg",GTO,ABS,"Success
",F9 v1.1,No attempt,2 March 2015,03:50
17,Cape Canaveral,0,"1,898 kg",LEO,NASA,"Success
",F9 v1.1,Failure,14 April 2015,20:10
18,Cape Canaveral,0,"4,707 kg",GTO,,"Success
",F9 v1.1,No attempt,27 April 2015,23:03
19,Cape Canaveral,0,"1,952 kg",LEO,NASA,Failure,F9 v1.1,Precluded,28 June 2015,14:21
20,Cape Canaveral,0,"2,034 kg",LEO,Orbcomm,"Success
",F9 FT,Success,22 December 2015,01:29
21,Cape Canaveral,0,553 kg,LEO,NASA,"Success
",F9 v1.1,Failure,17 January 2016,18:42
22,Cape Canaveral,0,"5,271 kg",GTO,SES,"Success
",F9 FT,Failure,4 March 2016,23:35
23,Cape Canaveral,0,"3,136 kg",LEO,NASA,Success,F9 FT,Success,8 April 2016,20:43
24,Cape Canaveral,0,"4,696 kg",GTO,SKY Perfect JSAT Group,"Success
",F9 FT,Success,6 May 2016,05:21
25,Cape Canaveral,0,"3,100 kg",GTO,Thaicom,"Success
",F9 FT,Success,27 May 2016,21:39
26,Cape Canaveral,0,"3,600 kg",GTO,ABS,"Success
",F9 FT,Failure,15 June 2016,14:29
27,Cape Canaveral,0,"2,257 kg",LEO,NASA,"Success
",F9 FT,Success,18 July 2016,04:45
28,Cape Canaveral,0,"4,600 kg",GTO,SKY Perfect JSAT Group,"Success
",F9 FT,Success,14 August 2016,05:26
29,Cape Canaveral,0,"9,600 kg",Polar,Iridium Communications,"Success
",F9 FT,Success,14 January 2017,17:54
30,Cape Canaveral,0,"2,490 kg",LEO,NASA,"Success
",F9 FT,Success,19 February 2017,14:39
31,Cape Canaveral,0,"5,600 kg",GTO,EchoStar,"Success
",F9 FT,No attempt,16 March 2017,06:00
32,Cape Canaveral,0,"5,300 kg",GTO,SES,Success,F9 FT♺,Success,30 March 2017,22:27
33,Cape Canaveral,0,C,LEO,NRO,"Success
",F9 FT,Success,1 May 2017,11:15
34,Cape Canaveral,0,"6,070 kg",GTO,Inmarsat,"Success
",F9 FT,No attempt,15 May 2017,23:21
35,Cape Canaveral,0,"2,708 kg",LEO,NASA,"Success
",F9 FT,Success,3 June 2017,21:07
36,Cape Canaveral,0,"3,669 kg",GTO,Bulsatcom,"Success
",F9 FTB1029.2,Success,23 June 2017,19:10
37,Cape Canaveral,0,"9,600 kg",LEO,Iridium Communications,"Success
",F9 FT,Success,25 June 2017,20:25
38,Cape Canaveral,0,"6,761 kg",GTO,Intelsat,"Success
",F9 FT,No attempt,5 July 2017,23:38
39,Cape Canaveral,0,"3,310 kg",LEO,NASA,"Success
",F9 B4,Success,14 August 2017,16:31
40,Cape Canaveral,0,475 kg,SSO,NSPO,"Success
",F9 FT,Success,24 August 2017,18:51
41,VAFB,0,"4,990 kg",LEO,USAF,"Success
",F9 B4,Success,7 September 2017,14:00
42,VAFB,0,"9,600 kg",Polar,Iridium Communications,"Success
",F9 B4,Success,9 October 2017,12:37
43,Cape Canaveral,0,"5,200 kg",GTO,SES S.A.,"Success
",F9 FTB1031.2,Success,11 October 2017,22:53:00
44,Cape Canaveral,0,"3,500 kg",GTO,KT Corporation,"Success
",F9 B4,Success,30 October 2017,19:34
45,Cape Canaveral,0,"2,205 kg",LEO,NASA,"Success
",F9 FTB1035.2,Success,15 December 2017,15:36
46,Cape Canaveral,0,"9,600 kg",Polar,Iridium Communications,Success,F9 FTB1036.2,Controlled,23 December 2017,01:27
47,Cape Canaveral,0,C,LEO,Northrop Grumman,Success,F9 B4,Success,8 January 2018,01:00
48,Cape Canaveral,0,"4,230 kg",GTO,SES,Success,F9 FTB1032.2,Controlled,31 January 2018,21:25
49,Cape Canaveral,0,"2,150 kg",SSO,Hisdesat,Success,F9 FTB1038.2,No attempt,22 February 2018,14:17
50,Cape Canaveral,0,"6,092 kg",GTO,Hispasat,Success,F9 B4,No attempt,6 March 2018,05:33
51,Cape Canaveral,0,"9,600 kg",Polar,Iridium Communications,Success,F9 B4B1041.2,No attempt,30 March 2018,14:14
52,Cape Canaveral,0,"2,647 kg",LEO,NASA,Success,F9 B4B1039.2,No attempt,2 April 2018,20:30
53,Cape Canaveral,0,362 kg,HEO,NASA,Success,F9 B4,Success,18 April 2018,22:51
54,Cape Canaveral,0,"3,600 kg",GTO,Thales-Alenia,Success,F9 B5B1046.1,Success,11 May 2018,20:14
55,Cape Canaveral,0,"6,460 kg",Polar,Iridium Communications,Success,F9 B4B1043.2,No attempt,22 May 2018,19:47
56,Cape Canaveral,0,"5,384 kg",GTO,SES,Success,F9 B4B1040.2,No attempt,4 June 2018,04:45
57,VAFB,0,"2,697 kg",LEO,NASA,Success,F9 B4B1045.2,No attempt,29 June 2018,09:42
58,VAFB,0,"7,075 kg",GTO,Telesat,Success,F9 B5,Success,22 July 2018,05:50
59,KSC,0,"9,600 kg",Polar,Iridium Communications,Success,F9 B5B1048,Success,25 July 2018,11:39
60,KSC,0,"5,800 kg",GTO,Telkom Indonesia,Success,F9 B5B1046.2,Success,7 August 2018,05:18
61,KSC,0,"7,060 kg",GTO,Telesat,Success,F9 B5,Success,10 September 2018,04:45
62,KSC,0,"3,000 kg",SSO,CONAE,Success,F9 B5B1048.2,Success,8 October 2018,02:22
63,KSC,0,"5,300 kg",GTO,Es'hailSat,Success,F9 B5B1047.2,Success,15 November 2018,20:46
64,KSC,0,"~4,000 kg",SSO,Spaceflight Industries,Success,F9 B5B1046.3,Success,3 December 2018,18:34:05
65,KSC,0,"2,500 kg",LEO,NASA,"Success
",F9 B5,Failure,5 December 2018,18:16
66,KSC,0,"4,400 kg",MEO,USAF,Success,F9 B5,No attempt,23 December 2018,13:51
67,KSC,0,"9,600 kg",Polar,Iridium Communications,"Success
",F9 B5B1049.2,Success,11 January 2019,15:31
68,KSC,0,"4,850 kg",GTO,PSN,"Success
",F9 B5B1048.3,Success,22 February 2019,01:45
69,KSC,0,"12,055 kg",LEO,NASA,"Success
",F9 B5[268],Success,2 March 2019,07:49
70,KSC,0,"2,495 kg",LEO,NASA,"Success
",F9 B5,Success,4 May 2019,06:48
71,KSC,0,"13,620 kg",LEO,SpaceX,"Success
",F9 B5B1049.3,Success,24 May 2019,02:30
72,KSC,0,"4,200 kg",SSO,Canadian Space Agency,"Success
",F9 B5B1051.2,Success,12 June 2019,14:17
73,VAFB,0,"2,268 kg",LEO,NASA,"Success
",F9 B5B1056.2,Success,25 July 2019,22:01
74,VAFB,0,"6,500 kg",GTO,Spacecom,"Success
",F9 B5B1047.3,No attempt,6 August 2019,23:23
75,KSC,0,"15,600 kg",LEO,SpaceX,"Success
",F9 B5,Success,11 November 2019,14:56
76,KSC,0,"2,617 kg",LEO,NASA,"Success
",F9 B5,Success,5 December 2019,17:29
77,KSC,0,"6,956 kg",GTO,Sky Perfect JSAT,"Success
",F9 B5B1056.3,Success,17 December 2019,00:10
78,KSC,0,"15,600 kg",LEO,SpaceX,"Success
",F9 B5,Success,7 January 2020,02:19:21
79,VAFB,0,"12,050 kg",Sub-orbital,NASA,"Success
",F9 B5,"No attempt
",19 January 2020,15:30
80,VAFB,0,"15,600 kg",LEO,SpaceX,"Success
",F9 B5,Success,29 January 2020,14:07
81,KSC,0,"15,600 kg",LEO,SpaceX,"Success
",F9 B5,Failure,17 February 2020,15:05
82,KSC,0,"1,977 kg",LEO,NASA,"Success
",F9 B5,Success,7 March 2020,04:50
83,VAFB,0,"15,600 kg",LEO,SpaceX,"Success
",F9 B5,Failure,18 March 2020,12:16
84,VAFB,0,"15,600 kg",LEO,SpaceX,"Success
",F9 B5,Success,22 April 2020,19:30
85,KSC,0,"12,530 kg",LEO,NASA,"Success
",F9 B5,Success,30 May 2020,19:22
86,KSC,0,"15,600 kg",LEO,SpaceX,"Success
",F9 B5,Success,4 June 2020,01:25
87,KSC,0,"15,410 kg",LEO,SpaceX,"Success
",F9 B5,Success,13 June 2020,09:21
88,KSC,0,"4,311 kg",MEO,U.S. Space Force,"Success
",F9 B5,Success,30 June 2020,20:10:46
89,Cape Canaveral,0,"5,000–6,000 kg",GTO,Republic of Korea Army,"Success
",F9 B5B1058.2,Success,20 July 2020,21:30
90,Cape Canaveral,0,"14,932 kg",LEO,SpaceX,"Success
",F9 B5,Success,7 August 2020,05:12
91,VAFB,0,"~15,440 kg",LEO,SpaceX,"Success
",F9 B5B1049.6,Success,18 August 2020,14:31
92,VAFB,0,"3,130 kg",SSO,CONAE,"Success
",F9 B5,Success,30 August 2020,23:18
93,CCAFS,0,"15,600 kg",LEO,SpaceX,"Success
",F9 B5B1060.2,Success,3 September 2020,12:46:14
94,CCAFS,0,"15,600 kg",LEO,SpaceX,"Success
",F9 B5B1058.3,Success,6 October 2020,11:29:34
95,CCAFS,0,"15,600 kg",LEO,SpaceX,"Success
",F9 B5B1051.6,Success,18 October 2020,12:25:57
96,CCAFS,0,"15,600 kg",LEO,SpaceX,"Success
",F9 B5,Success,24 October 2020,15:31:34
97,VAFB,0,"4,311 kg",MEO,USSF,"Success
",F9 B5,Success,5 November 2020,23:24:23
98,VAFB,0,"~12,500 kg",LEO,NASA,"Success
",F9 B5,Success,16 November 2020,00:27
99,CCAFS,0,"1,192 kg",LEO,NASA,"Success
",F9 B5,Success,21 November 2020,17:17:08
100,CCAFS,0,"15,600 kg",LEO,SpaceX,"Success
",F9 B5 ♺,Success,25 November 2020,02:13
101,VAFB,0,"2,972 kg",LEO,NASA,"Success
",F9 B5 ♺,Success,6 December 2020,16:17:08
102,VAFB,0,"7,000 kg",GTO,Sirius XM,"Success
",F9 B5 ♺,Success,13 December 2020,17:30:00
103,CCAFS,0,C,LEO,NRO,"Success
",F9 B5 ♺,Success,19 December 2020,14:00:00
104,CCAFS,0,"3,500 kg",GTO,Türksat,"Success
",F9 B5,Success,8 January 2021,02:15
105,CCAFS,0,"15,600 kg",LEO,SpaceX,"Success
",F9 B5B1051.8,Success,20 January 2021,13:02
106,CCAFS,0,"~5,000 kg",SSO,"Various
","Success
",F9 B5B1058.5,Success,24 January 2021,15:00
107,KSC,0,"15,600 kg",LEO,SpaceX,"Success
",F9 B5 ♺,Success,4 February 2021,06:19
108,KSC,0,"15,600 kg",LEO,SpaceX,"Success
",F9 B5 ♺,Failure,16 February 2021,03:59:37
109,VAFB,0,"15,600 kg",LEO,SpaceX,"Success
",F9 B5 ♺,Success,4 March 2021,08:24
110,VAFB,0,"15,600 kg",LEO,SpaceX,"Success
",F9 B5 ♺,Success,11 March 2021,08:13:29
111,CCAFS,0,"15,600 kg",LEO,SpaceX,"Success
",F9 B5 ♺,Success,14 March 2021,10:01
112,CCAFS,0,"15,600 kg",LEO,SpaceX,"Success
",F9 B5B1060.6,Success,24 March 2021,08:28
113,CCAFS,0,"15,600 kg",LEO,SpaceX,"Success
",F9 B5 ♺,Success,7 April 2021,16:34
114,CCAFS,0,"~13,000 kg",LEO,NASA,"Success
",F9 B5B1061.2,Success,23 April 2021,9:49
115,CCAFS,0,"15,600 kg",LEO,SpaceX,"Success
",F9 B5B1060.7,Success,29 April 2021,03:44
116,CCAFS,0,"15,600 kg",LEO,SpaceX,"Success
",F9 B5B1049.9,Success,4 May 2021,19:01
117,VAFB,0,"15,600 kg",LEO,SpaceX,"Success
",F9 B5B1051.10,Success,9 May 2021,06:42
118,VAFB,0,"~14,000 kg",LEO,SpaceX,"Success
",F9 B5B1058.8,Success,15 May 2021,22:56
119,CCAFS,0,"15,600 kg",LEO,SpaceX,"Success
",F9 B5B1063.2,Success,26 May 2021,18:59
120,CCAFS,0,"3,328 kg",LEO,NASA,"Success
",F9 B5B1067.1,Success,3 June 2021,17:29
121,CCAFS,0,"7,000 kg",GTO,Sirius XM,"Success
",F9 B5,Success,6 June 2021,04:26
0,CCAFS,0,0,0,0,0,0,0,0,0
0,VAFB,0,0,0,0,0,0,0,0,0
0,VAFB,0,0,0,0,0,0,0,0,0
0,KSC,0,0,0,0,0,0,0,0,0
0,KSC,0,0,0,0,0,0,0,0,0
0,VAFB,0,0,0,0,0,0,0,0,0
0,VAFB,0,0,0,0,0,0,0,0,0
0,CCAFS,0,0,0,0,0,0,0,0,0
0,CCAFS,0,0,0,0,0,0,0,0,0
0,CCAFS,0,0,0,0,0,0,0,0,0
0,CCAFS,0,0,0,0,0,0,0,0,0
0,VAFB,0,0,0,0,0,0,0,0,0
0,VAFB,0,0,0,0,0,0,0,0,0
0,CCAFS,0,0,0,0,0,0,0,0,0
0,CCAFS,0,0,0,0,0,0,0,0,0
0,KSC,0,0,0,0,0,0,0,0,0
0,KSC,0,0,0,0,0,0,0,0,0
0,CCAFS,0,0,0,0,0,0,0,0,0
0,CCAFS,0,0,0,0,0,0,0,0,0
0,CCAFS,0,0,0,0,0,0,0,0,0
0,CCAFS,0,0,0,0,0,0,0,0,0
0,VAFB,0,0,0,0,0,0,0,0,0
0,VAFB,0,0,0,0,0,0,0,0,0
0,CCAFS,0,0,0,0,0,0,0,0,0
0,CCAFS,0,0,0,0,0,0,0,0,0
0,CCAFS,0,0,0,0,0,0,0,0,0
0,CCAFS,0,0,0,0,0,0,0,0,0
0,CCAFS,0,0,0,0,0,0,0,0,0
0,CCAFS,0,0,0,0,0,0,0,0,0
0,CCAFS,0,0,0,0,0,0,0,0,0
0,CCAFS,0,0,0,0,0,0,0,0,0
0,CCAFS,0,0,0,0,0,0,0,0,0
0,CCAFS,0,0,0,0,0,0,0,0,0
0,CCAFS,0,0,0,0,0,0,0,0,0
0,CCAFS,0,0,0,0,0,0,0,0,0
0,KSC,0,0,0,0,0,0,0,0,0
0,KSC,0,0,0,0,0,0,0,0,0
0,CCAFS,0,0,0,0,0,0,0,0,0
0,CCAFS,0,0,0,0,0,0,0,0,0
0,CCAFS,0,0,0,0,0,0,0,0,0
0,CCAFS,0,0,0,0,0,0,0,0,0
0,CCAFS,0,0,0,0,0,0,0,0,0
0,CCAFS,0,0,0,0,0,0,0,0,0
0,KSC,0,0,0,0,0,0,0,0,0
0,KSC,0,0,0,0,0,0,0,0,0
0,KSC,0,0,0,0,0,0,0,0,0
0,KSC,0,0,0,0,0,0,0,0,0
0,KSC,0,0,0,0,0,0,0,0,0
0,KSC,0,0,0,0,0,0,0,0,0
0,CCAFS,0,0,0,0,0,0,0,0,0
0,CCAFS,0,0,0,0,0,0,0,0,0
0,CCAFS,0,0,0,0,0,0,0,0,0
0,CCAFS,0,0,0,0,0,0,0,0,0
0,CCAFS,0,0,0,0,0,0,0,0,0
0,CCAFS,0,0,0,0,0,0,0,0,0
0,CCAFS,0,0,0,0,0,0,0,0,0
0,CCAFS,0,0,0,0,0,0,0,0,0
0,KSC,0,0,0,0,0,0,0,0,0
0,KSC,0,0,0,0,0,0,0,0,0
0,CCAFS,0,0,0,0,0,0,0,0,0
0,CCAFS,0,0,0,0,0,0,0,0,0
0,CCAFS,0,0,0,0,0,0,0,0,0
0,CCAFS,0,0,0,0,0,0,0,0,0
0,KSC,0,0,0,0,0,0,0,0,0
0,KSC,0,0,0,0,0,0,0,0,0
0,KSC,0,0,0,0,0,0,0,0,0
0,KSC,0,0,0,0,0,0,0,0,0
0,KSC,0,0,0,0,0,0,0,0,0
0,KSC,0,0,0,0,0,0,0,0,0
0,CCAFS,0,0,0,0,0,0,0,0,0
0,CCAFS,0,0,0,0,0,0,0,0,0
0,CCAFS,0,0,0,0,0,0,0,0,0
0,CCAFS,0,0,0,0,0,0,0,0,0
0,KSC,0,0,0,0,0,0,0,0,0
0,KSC,0,0,0,0,0,0,0,0,0
0,VAFB,0,0,0,0,0,0,0,0,0
0,VAFB,0,0,0,0,0,0,0,0,0
0,CCAFS,0,0,0,0,0,0,0,0,0
0,CCAFS,0,0,0,0,0,0,0,0,0
0,KSC,0,0,0,0,0,0,0,0,0
0,KSC,0,0,0,0,0,0,0,0,0
0,CCSFS,0,0,0,0,0,0,0,0,0
0,CCSFS,0,0,0,0,0,0,0,0,0
0,KSC,0,0,0,0,0,0,0,0,0
0,KSC,0,0,0,0,0,0,0,0,0
0,CCSFS,0,0,0,0,0,0,0,0,0
0,CCSFS,0,0,0,0,0,0,0,0,0
0,KSC,0,0,0,0,0,0,0,0,0
0,KSC,0,0,0,0,0,0,0,0,0
0,CCSFS,0,0,0,0,0,0,0,0,0
0,CCSFS,0,0,0,0,0,0,0,0,0
0,CCSFS,0,0,0,0,0,0,0,0,0
0,CCSFS,0,0,0,0,0,0,0,0,0
0,CCSFS,0,0,0,0,0,0,0,0,0
0,CCSFS,0,0,0,0,0,0,0,0,0
0,KSC,0,0,0,0,0,0,0,0,0
0,KSC,0,0,0,0,0,0,0,0,0
0,CCSFS,0,0,0,0,0,0,0,0,0
0,CCSFS,0,0,0,0,0,0,0,0,0
0,KSC,0,0,0,0,0,0,0,0,0
0,KSC,0,0,0,0,0,0,0,0,0
0,CCSFS,0,0,0,0,0,0,0,0,0
0,CCSFS,0,0,0,0,0,0,0,0,0
0,CCSFS,0,0,0,0,0,0,0,0,0
0,CCSFS,0,0,0,0,0,0,0,0,0
0,KSC,0,0,0,0,0,0,0,0,0
0,KSC,0,0,0,0,0,0,0,0,0
0,CCSFS,0,0,0,0,0,0,0,0,0
0,CCSFS,0,0,0,0,0,0,0,0,0
0,KSC,0,0,0,0,0,0,0,0,0
0,KSC,0,0,0,0,0,0,0,0,0
0,CCSFS,0,0,0,0,0,0,0,0,0
0,CCSFS,0,0,0,0,0,0,0,0,0
0,KSC,0,0,0,0,0,0,0,0,0
0,KSC,0,0,0,0,0,0,0,0,0
0,CCSFS,0,0,0,0,0,0,0,0,0
0,CCSFS,0,0,0,0,0,0,0,0,0
0,KSC,0,0,0,0,0,0,0,0,0
0,KSC,0,0,0,0,0,0,0,0,0
0,CCSFS,0,0,0,0,0,0,0,0,0
0,CCSFS,0,0,0,0,0,0,0,0,0
0,CCAFS,0,0,0,0,0,0,0,0,0
0,CCAFS,0,0,0,0,0,0,0,0,0
0,CCAFS,0,0,0,0,0,0,0,0,0
0,CCAFS,0,0,0,0,0,0,0,0,0
0,CCAFS,0,0,0,0,0,0,0,0,0
0,CCAFS,0,0,0,0,0,0,0,0,0
0,CCAFS,0,0,0,0,0,0,0,0,0
0,CCAFS,0,0,0,0,0,0,0,0,0
0,CCAFS,0,0,0,0,0,0,0,0,0
0,CCAFS,0,0,0,0,0,0,0,0,0
0,VAFB,0,0,0,0,0,0,0,0,0
0,VAFB,0,0,0,0,0,0,0,0,0
0,CCAFS,0,0,0,0,0,0,0,0,0
0,CCAFS,0,0,0,0,0,0,0,0,0
0,CCAFS,0,0,0,0,0,0,0,0,0
0,CCAFS,0,0,0,0,0,0,0,0,0
0,Cape Canaveral,0,0,0,0,0,0,0,0,0
0,Cape Canaveral,0,0,0,0,0,0,0,0,0
0,Cape Canaveral,0,0,0,0,0,0,0,0,0
0,Cape Canaveral,0,0,0,0,0,0,0,0,0
0,Cape Canaveral,0,0,0,0,0,0,0,0,0
0,Cape Canaveral,0,0,0,0,0,0,0,0,0
0,Cape Canaveral,0,0,0,0,0,0,0,0,0
0,Cape Canaveral,0,0,0,0,0,0,0,0,0
0,Cape Canaveral,0,0,0,0,0,0,0,0,0
0,Cape Canaveral,0,0,0,0,0,0,0,0,0
0,Cape Canaveral,0,0,0,0,0,0,0,0,0
0,Cape Canaveral,0,0,0,0,0,0,0,0,0
0,Cape Canaveral,0,0,0,0,0,0,0,0,0
0,Cape Canaveral,0,0,0,0,0,0,0,0,0
0,Cape Canaveral,0,0,0,0,0,0,0,0,0
0,Cape Canaveral,0,0,0,0,0,0,0,0,0
0,Cape Canaveral,0,0,0,0,0,0,0,0,0
0,Cape Canaveral,0,0,0,0,0,0,0,0,0
0,Cape Canaveral,0,0,0,0,0,0,0,0,0
0,Cape Canaveral,0,0,0,0,0,0,0,0,0
0,Cape Canaveral,0,0,0,0,0,0,0,0,0
0,Cape Canaveral,0,0,0,0,0,0,0,0,0
0,Cape Canaveral,0,0,0,0,0,0,0,0,0
0,Cape Canaveral,0,0,0,0,0,0,0,0,0
0,VAFB,0,0,0,0,0,0,0,0,0
0,VAFB,0,0,0,0,0,0,0,0,0
0,Cape Canaveral,0,0,0,0,0,0,0,0,0
0,Cape Canaveral,0,0,0,0,0,0,0,0,0
0,Cape Canaveral,0,0,0,0,0,0,0,0,0
0,Cape Canaveral,0,0,0,0,0,0,0,0,0
0,Cape Canaveral,0,0,0,0,0,0,0,0,0
0,Cape Canaveral,0,0,0,0,0,0,0,0,0
0,Cape Canaveral,0,0,0,0,0,0,0,0,0
0,Cape Canaveral,0,0,0,0,0,0,0,0,0
0,Cape Canaveral,0,0,0,0,0,0,0,0,0
0,Cape Canaveral,0,0,0,0,0,0,0,0,0
0,Cape Canaveral,0,0,0,0,0,0,0,0,0
0,Cape Canaveral,0,0,0,0,0,0,0,0,0
0,Cape Canaveral,0,0,0,0,0,0,0,0,0
0,Cape Canaveral,0,0,0,0,0,0,0,0,0
0,VAFB,0,0,0,0,0,0,0,0,0
0,VAFB,0,0,0,0,0,0,0,0,0
0,KSC,0,0,0,0,0,0,0,0,0
0,KSC,0,0,0,0,0,0,0,0,0
0,KSC,0,0,0,0,0,0,0,0,0
0,KSC,0,0,0,0,0,0,0,0,0
0,KSC,0,0,0,0,0,0,0,0,0
0,KSC,0,0,0,0,0,0,0,0,0
0,KSC,0,0,0,0,0,0,0,0,0
0,KSC,0,0,0,0,0,0,0,0,0
0,KSC,0,0,0,0,0,0,0,0,0
0,KSC,0,0,0,0,0,0,0,0,0
0,KSC,0,0,0,0,0,0,0,0,0
0,KSC,0,0,0,0,0,0,0,0,0
0,KSC,0,0,0,0,0,0,0,0,0
0,KSC,0,0,0,0,0,0,0,0,0
0,VAFB,0,0,0,0,0,0,0,0,0
0,VAFB,0,0,0,0,0,0,0,0,0
0,KSC,0,0,0,0,0,0,0,0,0
0,KSC,0,0,0,0,0,0,0,0,0
0,KSC,0,0,0,0,0,0,0,0,0
0,KSC,0,0,0,0,0,0,0,0,0
0,VAFB,0,0,0,0,0,0,0,0,0
0,VAFB,0,0,0,0,0,0,0,0,0
0,KSC,0,0,0,0,0,0,0,0,0
0,KSC,0,0,0,0,0,0,0,0,0
0,VAFB,0,0,0,0,0,0,0,0,0
0,VAFB,0,0,0,0,0,0,0,0,0
0,KSC,0,0,0,0,0,0,0,0,0
0,KSC,0,0,0,0,0,0,0,0,0
0,KSC,0,0,0,0,0,0,0,0,0
0,KSC,0,0,0,0,0,0,0,0,0
0,Cape Canaveral,0,0,0,0,0,0,0,0,0
0,Cape Canaveral,0,0,0,0,0,0,0,0,0
0,VAFB,0,0,0,0,0,0,0,0,0
0,VAFB,0,0,0,0,0,0,0,0,0
0,CCAFS,0,0,0,0,0,0,0,0,0
0,CCAFS,0,0,0,0,0,0,0,0,0
0,CCAFS,0,0,0,0,0,0,0,0,0
0,CCAFS,0,0,0,0,0,0,0,0,0
0,VAFB,0,0,0,0,0,0,0,0,0
0,VAFB,0,0,0,0,0,0,0,0,0
0,CCAFS,0,0,0,0,0,0,0,0,0
0,CCAFS,0,0,0,0,0,0,0,0,0
0,VAFB,0,0,0,0,0,0,0,0,0
0,VAFB,0,0,0,0,0,0,0,0,0
0,CCAFS,0,0,0,0,0,0,0,0,0
0,CCAFS,0,0,0,0,0,0,0,0,0
0,CCAFS,0,0,0,0,0,0,0,0,0
0,CCAFS,0,0,0,0,0,0,0,0,0
0,KSC,0,0,0,0,0,0,0,0,0
0,KSC,0,0,0,0,0,0,0,0,0
0,VAFB,0,0,0,0,0,0,0,0,0
0,VAFB,0,0,0,0,0,0,0,0,0
0,CCAFS,0,0,0,0,0,0,0,0,0
0,CCAFS,0,0,0,0,0,0,0,0,0
0,CCAFS,0,0,0,0,0,0,0,0,0
0,CCAFS,0,0,0,0,0,0,0,0,0
0,CCAFS,0,0,0,0,0,0,0,0,0
0,CCAFS,0,0,0,0,0,0,0,0,0
0,VAFB,0,0,0,0,0,0,0,0,0
0,VAFB,0,0,0,0,0,0,0,0,0
0,CCAFS,0,0,0,0,0,0,0,0,0
0,CCAFS,0,0,0,0,0,0,0,0,0
0,CCAFS,0,0,0,0,0,0,0,0,0
0,CCAFS,0,0,0,0,0,0,0,0,0
0,VAFB,0,0,0,0,0,0,0,0,0
0,VAFB,0,0,0,0,0,0,0,0,0
0,KSC,0,0,0,0,0,0,0,0,0
0,KSC,0,0,0,0,0,0,0,0,0
0,VAFB,0,0,0,0,0,0,0,0,0
0,VAFB,0,0,0,0,0,0,0,0,0
0,CCAFS,0,0,0,0,0,0,0,0,0
0,CCAFS,0,0,0,0,0,0,0,0,0
0,CCAFS,0,0,0,0,0,0,0,0,0
0,CCAFS,0,0,0,0,0,0,0,0,0
0,VAFB,0,0,0,0,0,0,0,0,0
0,VAFB,0,0,0,0,0,0,0,0,0
0,CCAFS,0,0,0,0,0,0,0,0,0
0,CCAFS,0,0,0,0,0,0,0,0,0
0,KSC,0,0,0,0,0,0,0,0,0
0,KSC,0,0,0,0,0,0,0,0,0
0,CCAFS,0,0,0,0,0,0,0,0,0
0,CCAFS,0,0,0,0,0,0,0,0,0
0,CCAFS,0,0,0,0,0,0,0,0,0
0,CCAFS,0,0,0,0,0,0,0,0,0
0,VAFB,0,0,0,0,0,0,0,0,0
0,VAFB,0,0,0,0,0,0,0,0,0
0,CCAFS,0,0,0,0,0,0,0,0,0
0,CCAFS,0,0,0,0,0,0,0,0,0
0,CCAFS,0,0,0,0,0,0,0,0,0
0,CCAFS,0,0,0,0,0,0,0,0,0
0,CCAFS,0,0,0,0,0,0,0,0,0
0,CCAFS,0,0,0,0,0,0,0,0,0
0,CCAFS,0,0,0,0,0,0,0,0,0
0,CCAFS,0,0,0,0,0,0,0,0,0
0,CCAFS,0,0,0,0,0,0,0,0,0
0,CCAFS,0,0,0,0,0,0,0,0,0
0,CCAFS,0,0,0,0,0,0,0,0,0
0,CCAFS,0,0,0,0,0,0,0,0,0
0,KSC,0,0,0,0,0,0,0,0,0
0,KSC,0,0,0,0,0,0,0,0,0
0,CCAFS,0,0,0,0,0,0,0,0,0
0,CCAFS,0,0,0,0,0,0,0,0,0
0,CCAFS,0,0,0,0,0,0,0,0,0
0,CCAFS,0,0,0,0,0,0,0,0,0
0,CCAFS,0,0,0,0,0,0,0,0,0
0,CCAFS,0,0,0,0,0,0,0,0,0
0,KSC,0,0,0,0,0,0,0,0,0
0,KSC,0,0,0,0,0,0,0,0,0
0,KSC,0,0,0,0,0,0,0,0,0
0,KSC,0,0,0,0,0,0,0,0,0
0,KSC,0,0,0,0,0,0,0,0,0
0,KSC,0,0,0,0,0,0,0,0,0
0,CCAFS,0,0,0,0,0,0,0,0,0
0,CCAFS,0,0,0,0,0,0,0,0,0
0,CCAFS,0,0,0,0,0,0,0,0,0
0,CCAFS,0,0,0,0,0,0,0,0,0
0,CCAFS,0,0,0,0,0,0,0,0,0
0,CCAFS,0,0,0,0,0,0,0,0,0
0,CCAFS,0,0,0,0,0,0,0,0,0
0,CCAFS,0,0,0,0,0,0,0,0,0
0,KSC,0,0,0,0,0,0,0,0,0
0,KSC,0,0,0,0,0,0,0,0,0
0,CCAFS,0,0,0,0,0,0,0,0,0
0,CCAFS,0,0,0,0,0,0,0,0,0
0,CCAFS,0,0,0,0,0,0,0,0,0
0,CCAFS,0,0,0,0,0,0,0,0,0
0,KSC,0,0,0,0,0,0,0,0,0
0,KSC,0,0,0,0,0,0,0,0,0
0,KSC,0,0,0,0,0,0,0,0,0
0,KSC,0,0,0,0,0,0,0,0,0
0,KSC,0,0,0,0,0,0,0,0,0
0,KSC,0,0,0,0,0,0,0,0,0
0,CCAFS,0,0,0,0,0,0,0,0,0
0,CCAFS,0,0,0,0,0,0,0,0,0
0,CCAFS,0,0,0,0,0,0,0,0,0
0,CCAFS,0,0,0,0,0,0,0,0,0
0,KSC,0,0,0,0,0,0,0,0,0
0,KSC,0,0,0,0,0,0,0,0,0
0,VAFB,0,0,0,0,0,0,0,0,0
0,VAFB,0,0,0,0,0,0,0,0,0
0,CCAFS,0,0,0,0,0,0,0,0,0
0,CCAFS,0,0,0,0,0,0,0,0,0
0,KSC,0,0,0,0,0,0,0,0,0
0,KSC,0,0,0,0,0,0,0,0,0
0,CCSFS,0,0,0,0,0,0,0,0,0
0,CCSFS,0,0,0,0,0,0,0,0,0
0,KSC,0,0,0,0,0,0,0,0,0
0,KSC,0,0,0,0,0,0,0,0,0
0,CCSFS,0,0,0,0,0,0,0,0,0
0,CCSFS,0,0,0,0,0,0,0,0,0
0,KSC,0,0,0,0,0,0,0,0,0
0,KSC,0,0,0,0,0,0,0,0,0
0,CCSFS,0,0,0,0,0,0,0,0,0
0,CCSFS,0,0,0,0,0,0,0,0,0
0,CCSFS,0,0,0,0,0,0,0,0,0
0,CCSFS,0,0,0,0,0,0,0,0,0
0,CCSFS,0,0,0,0,0,0,0,0,0
0,CCSFS,0,0,0,0,0,0,0,0,0
0,KSC,0,0,0,0,0,0,0,0,0
0,KSC,0,0,0,0,0,0,0,0,0
0,CCSFS,0,0,0,0,0,0,0,0,0
0,CCSFS,0,0,0,0,0,0,0,0,0
0,KSC,0,0,0,0,0,0,0,0,0
0,KSC,0,0,0,0,0,0,0,0,0
0,CCSFS,0,0,0,0,0,0,0,0,0
0,CCSFS,0,0,0,0,0,0,0,0,0
0,CCSFS,0,0,0,0,0,0,0,0,0
0,CCSFS,0,0,0,0,0,0,0,0,0
0,KSC,0,0,0,0,0,0,0,0,0
0,KSC,0,0,0,0,0,0,0,0,0
0,CCSFS,0,0,0,0,0,0,0,0,0
0,CCSFS,0,0,0,0,0,0,0,0,0
0,KSC,0,0,0,0,0,0,0,0,0
0,KSC,0,0,0,0,0,0,0,0,0
0,CCSFS,0,0,0,0,0,0,0,0,0
0,CCSFS,0,0,0,0,0,0,0,0,0
0,KSC,0,0,0,0,0,0,0,0,0
0,KSC,0,0,0,0,0,0,0,0,0
0,CCSFS,0,0,0,0,0,0,0,0,0
0,CCSFS,0,0,0,0,0,0,0,0,0
0,KSC,0,0,0,0,0,0,0,0,0
0,KSC,0,0,0,0,0,0,0,0,0
0,CCSFS,0,0,0,0,0,0,0,0,0
0,CCSFS,0,0,0,0,0,0,0,0,0
